{
  "project_info": {
    "project_number": "1032487364213",
    "firebase_url": "https://disasteralertapp-default-rtdb.firebaseio.com",
    "project_id": "disasteralertapp",
    "storage_bucket": "disasteralertapp.appspot.com"
  },
  "client": [
    {
      "client_info": {
        "mobilesdk_app_id": "1:1032487364213:android:d7b123ed088b27fb2bfa3c",
        "android_client_info": {
          "package_name": "com.example.disasteralertapp"
        }
      },
      "oauth_client": [
        {
          "client_id": "1032487364213-dthb3p6te1m833gk0h8saou6qd0jtkr6.apps.googleusercontent.com",
          "client_type": 3
        }
      ],
      "api_key": [
        {
          "current_key": "AIzaSyBLkSpHKdLxqMJFhDBszhPSyGfloTiR7NE"
        }
      ],
      "services": {
        "appinvite_service": {
          "other_platform_oauth_client": [
            {
              "client_id": "1032487364213-dthb3p6te1m833gk0h8saou6qd0jtkr6.apps.googleusercontent.com",
              "client_type": 3
            }
          ]
        }
      }
    }
  ],
  "configuration_version": "1"
}